prefecture_id,english_name,japanese_name,japanese_kana_name,town_name,area,perimeter,elevation
北海道,rebuntou Island,礼文島,れぶんとう,宗谷・礼文町,81.25,,
北海道,yagishiritou Island,焼尻島,やぎしりとう,渡島・松前町,5.81,,
北海道,rishiritou Island,利尻島,りしりとう,根室・色丹村,1.28,,
北海道,teuritou Island,天売島,てうりとう,天売・焼尻国定公園内,3.84,,
北海道,okushiritou Island,奥尻島,おくしりとう,後志・奥尻町,141.31,,
北海道,kojima Island,小島,こじま,厚岸郡厚岸町,1.54,0.9,27
北海道,kamomejima Island,鴎島,かもめじま,檜山郡江差町,,,
宮城県,ooshima Island,大島,おおしま,気仙沼市,8.51,24.3,234
宮城県,izushima Island,出島,いずしま,女川町,2.62,14,87
宮城県,eshima Island,江島,えしま,松島湾内,0.05,3.7,75
宮城県,ajishima Island,網地島,あじしま,石巻市,6.49,20.7,100
宮城県,tashirojima Island,田代島,たしろじま,石巻市,2.92,11.5,96
宮城県,sabusawajima Island,寒風沢島,さぶさわじま,塩竈市,1.37,13.5,30
宮城県,nonoshima Island,野々島,ののしま,気仙沼市,0.24,8.9,23
宮城県,katsurashima Island,桂島,かつらしま,松島湾内,0.09,6.8,55
宮城県,hoojima Island,朴島,ほおじま,石巻市,0.08,2.2,23
宮城県,kinkasan Island,金華山,きんかさん,石巻市,9.92,17.3,444
宮城県,miyatojima Island,宮戸島,みやとじま,東松島市,7.1,-,105
山形県,tobishima Island,飛島,とびしま,酒田市,2.73,12,68
東京都,ooshima Island,大島,おおしま,大島町,90.73,52,758
東京都,toshima Island,利島,としま,利島村,4.12,7.7,508
東京都,niijima Island,新島,にいじま,新島村,22.97,41.6,432
東京都,shikinejima Island,式根島,しきねじま,新島村,3.67,12.2,109
東京都,kouzushima Island,神津島,こうづしま,神津島村,18.24,33.3,572
東京都,miyakejima Island,三宅島,みやけじま,三宅村,55.2,38.4,775
東京都,mikurashima Island,御蔵島,みくらしま,御蔵島村,20.52,16.4,851
東京都,hachijiujima Island,八丈島,はちじょうじま,八丈町,69.11,51.3,854
東京都,aogashima Island,青ケ島,あおがしま,青ケ島村,5.96,9.4,423
東京都,chichijima Island,父島,ちちじま,小笠原村,23.45,52,321
東京都,hahajima Island,母島,ははじま,小笠原村,19.88,58,463
千葉県,niemonjima Island,仁右衛門島,にえもんじま,鴨川市,0.03,-,24
神奈川県,jiugashima Island,城ヶ島,じょうがしま,三浦市,0.99,9.4,35
神奈川県,enoshima Island,江の島,えのしま,藤沢市,0.38,5,60
新潟県,awashima Island,粟島,あわしま,岩船郡粟島浦村,9.69,23.1,266
新潟県,sadogashima Island,佐渡島,さどがしま,佐渡市,854.81,280.9,1172
石川県,hegurajima Island,舳倉島,へぐらじま,輪島市,0.55,5.2,13
石川県,notojima Island,能登島,のとじま,七尾市,46.59,72,197
静岡県,hatsushima Island,初島,はつしま,熱海市,0.44,4,58
愛知県,sakushima Island,佐久島,さくしま,西尾市,1.73,11.8,38
愛知県,himakajima Island,日間賀島,ひまかじま,知多郡南知多町,0.77,6.6,32
愛知県,shinojima Island,篠島,しのじま,知多郡南知多町,0.94,8.2,49
三重県,kamishima Island,神島,かみしま,鳥羽市,0.76,3.9,171
三重県,toushijima Island,答志島,とうしじま,鳥羽市,6.96,26.3,167
三重県,sugashima Island,菅島,すがしま,鳥羽市,4.41,13,236
三重県,sakatejima Island,坂手島,さかてじま,鳥羽市,0.51,3.8,112
三重県,watakanojima Island,渡鹿野島,わたかのじま,志摩市,0.69,6,30
三重県,masakijima Island,間崎島,まさきじま,志摩市,0.36,7.4,22
三重県,kashikojima Island,賢島,かしこじま,志摩市,0.66,7.3,30
三重県,yokoyamajima Island,横山島,よこやまじま,志摩市,0.06,-,21
滋賀県,okishima Island,沖島,おきしま,近江八幡市,1.51,6.8,220
兵庫県,awajishima Island,淡路島,あわじしま,淡路市、洲本市、南あわじ市,592.44,215,608
兵庫県,nushima Island,沼島,ぬしま,南あわじ市,2.67,10.3,125
兵庫県,ieshima Island,家島,いえしま,姫路市,5.41,15.4,134
兵庫県,tangashima Island,男鹿島,たんがしま,姫路市,4.53,10,193
兵庫県,bouzejima Island,坊勢島,ぼうぜじま,姫路市,1.92,12.3,71
兵庫県,nishijima Island,西島,にしじま,姫路市,6.52,21,276
和歌山県,nakanoshima Island,中の島,なかのしま,東牟婁郡那智勝浦町,0.07,1.6,41
和歌山県,kiiooshima Island,紀伊大島,きいおおしま,東牟婁郡串本町,9.47,28,171
島根県,dougo Island,島後,どうご,隠岐郡隠岐の島町,241.53,209.9,608
島根県,nakanoshima Island,中ノ島,なかのしま,隠岐郡海士町,32.29,89.1,246
島根県,nishinoshima Island,西ノ島,にしのしま,隠岐郡西ノ島町,55.77,116.1,452
島根県,chiburishima Island,知夫里島,ちぶりしま,隠岐郡知夫村,13.03,49.6,325
島根県,daikonjima Island,大根島,だいこんじま,松江市,6.74,-,42
島根県,eshima Island,江島,えしま,松江市,2,-,10
岡山県,kakuijima Island,鹿久居島,かくいじま,備前市,10.14,28,245
岡山県,ootabujima Island,大多府島,おおたぶじま,備前市,0.4,5,41
岡山県,kashirajima Island,頭島,かしらじま,備前市,0.6,4,55
岡山県,koujima Island,鴻島,こうじま,備前市,2.07,12,147
岡山県,nagashima Island,長島,ながしま,瀬戸内市,3.51,16,99
岡山県,maejima Island,前島,まえじま,瀬戸内市,2.41,16.51,136
岡山県,kijima Island,黄島,きじま,瀬戸内市,0.41,4.5,59
岡山県,kuroshima Island,黒島,くろしま,瀬戸内市,0.1,1.6,33
岡山県,inujima Island,犬島,いぬじま,岡山市,0.54,3.6,36
岡山県,ishima Island,石島,いしま,玉野市,0.82,2.3,156
岡山県,matsushima Island,松島,まつしま,倉敷市,0.08,1.2,27
岡山県,muguchijima Island,六口島,むぐちじま,倉敷市,1.03,5.9,140
岡山県,takashima Island,高島,たかしま,笠岡市,1.05,5.9,84
岡山県,shiraishijima Island,白石島,しらいしじま,笠岡市,2.95,10,169
岡山県,kitagishima Island,北木島,きたぎしま,笠岡市,7.48,19.1,226
岡山県,manabeshima Island,真鍋島,まなべしま,笠岡市,1.48,,
岡山県,kobishima Island,小飛島,こびしま,笠岡市,0.33,,
岡山県,oobishima Island,大飛島,おおびしま,笠岡市,0.96,,
岡山県,mushima Island,六島,むしま,笠岡市,1.02,,
広島県,hashirijima Island,走島,はしりじま,福山市,2.11,,
広島県,tashima Island,田島,たしま,福山市,8.51,,
広島県,yokoshima Island,横島,よこしま,福山市,4.03,,
広島県,momoshima Island,百島,ももしま,尾道市,3.13,,
広島県,mukaishima Island,向島,むかいしま,尾道市,22.16,,
広島県,iwashijima Island,岩子島,いわしじま,尾道市,2.42,,
広島県,hosojima Island,細島,ほそじま,尾道市,0.76,,
広島県,innoshima Island,因島,いんのしま,尾道市,35.02,,
広島県,sagijima Island,佐木島,さぎじま,三原市,8.71,,
広島県,kosagijima Island,小佐木島,こさぎじま,三原市,0.5,,
広島県,ikuchijima Island,生口島,いくちじま,尾道市,31.19,,
広島県,kouneshima Island,高根島,こうねしま,尾道市,5.59,,
広島県,ookunoshima Island,大久野島,おおくのしま,竹原市,0.7,,
広島県,chigirijima Island,契島,ちぎりじま,豊田郡大崎上島町,0.09,,
広島県,ikunoshima Island,生野島,いくのしま,豊田郡大崎上島町,2.25,,
広島県,oosakikamijima Island,大崎上島,おおさきかみじま,豊田郡大崎上島町,38.27,,
広島県,nagashima Island,長島,ながしま,豊田郡大崎上島町,1.04,,
広島県,oosakishimojima Island,大崎下島,おおさきしもじま,呉市,17.37,,
広島県,mikadojima Island,三角島,みかどじま,呉市,0.78,,
広島県,toyoshima Island,豊島,とよしま,呉市,5.64,,
広島県,itsukishima Island,斎島,いつきしま,呉市,0.7,,
広島県,ooshibajima Island,大芝島,おおしばじま,東広島市,1.69,,
広島県,kamikamagarijima Island,上蒲刈島,かみかまがりじま,呉市,18.79,,
広島県,shimokamagarijima Island,下蒲刈島,しもかまがりじま,呉市,7.98,,
広島県,nasakejima Island,情島,なさけじま,呉市,0.69,,
広島県,ninoshima Island,似島,にのしま,広島市南区,3.84,,
広島県,kanawajima Island,金輪島,かなわじま,広島市南区,1.05,,
広島県,etajimanoumijima Island,江田島・能美島,えたじま・のうみじま,江田島市,91.33,,
広島県,okinoshima Island,沖野島,おきのしま,江田島市,0.75,,
広島県,kurahashijima Island,倉橋島,くらはしじま,呉市,69.46,,
広島県,kashima Island,鹿島,かしま,呉市,2.63,,
広島県,itsukushima Island,厳島,いつくしま,廿日市市,30.33,,
広島県,atatajima Island,阿多田島,あたたじま,大竹市,2.39,,
山口県,hashima Island,端島,はしま,岩国市,0.67,,
山口県,hashirajima Island,柱島,はしらじま,岩国市,3.13,,
山口県,kuroshima Island,黒島,くろしま,岩国市,0.54,,
山口県,yashirojima Island,屋代島,やしろじま,大島郡周防大島町,128.49,,
山口県,kasasajima Island,笠佐島,かささじま,大島郡周防大島町,0.94,,
山口県,maejima Island,前島,まえじま,大島郡周防大島町,1.09,,
山口県,ukashima Island,浮島,うかしま,大島郡周防大島町,2.27,,
山口県,nasakejima Island,情島,なさけじま,大島郡周防大島町,1,,
山口県,okikamurojima Island,沖家室島,おきかむろじま,大島郡周防大島町,0.95,,
山口県,heiguntou Island,平郡島,へいぐんとう,柳井市,16.56,,
山口県,nagashima Island,長島,ながしま,熊毛郡上関町,13.69,,
山口県,yashima Island,八島,やしま,熊毛郡上関町,4.16,,
山口県,iwaishima Island,祝島,いわいしま,熊毛郡上関町,7.68,,
山口県,sagoujima Island,佐合島,さごうじま,熊毛郡平生町,1.29,,
山口県,umashima Island,馬島,うましま,熊毛郡田布施町,0.7,,
山口県,ushima Island,牛島,うしま,光市,1.9,,
山口県,kasadoshima Island,笠戸島,かさどしま,下松市,11.66,,
山口県,sukumojima Island,粭島,すくもじま,周南市,3.33,,
山口県,oozushima Island,大津島,おおづしま,周南市,4.77,,
山口県,noshima Island,野島,のしま,防府市,0.73,,
山口県,mukoushima Island,向島,むこうしま,防府市,7.99,,
山口県,takenokojima Island,竹ノ子島,たけのこじま,下関市,0.18,,
山口県,hikoshima Island,彦島,ひこしま,下関市,10.58,,
山口県,mishima Island,見島,みしま,萩市,7.76,,
山口県,aishima Island,相島,あいしま,萩市,2.37,,
山口県,hitsushima Island,櫃島,ひつしま,萩市,0.83,,
山口県,ooshima Island,大島,おおしま,萩市,2.99,,
山口県,oumijima Island,青海島,おうみじま,長門市,14.82,,
山口県,tsunoshima Island,角島,つのしま,下関市,3.84,,
山口県,futaoijima Island,蓋井島,ふたおいじま,下関市,2.32,,
山口県,mutsurejima Island,六連島,むつれじま,下関市,0.69,,
徳島県,oogeshima Island,大毛島,おおげしま,鳴門市,7.31,,
徳島県,shimadajima Island,島田島,しまだじま,鳴門市,5.73,,
徳島県,ishima Island,伊島,いしま,阿南市,1.45,,
徳島県,tebajima Island,出羽島,てばじま,海部郡牟岐町,0.65,,
徳島県,takegashima Island,竹ケ島,たけがしま,海部郡海陽町,1.3,,
徳島県,takashima Island,高島,たかしま,鳴門市,2.63,,
香川県,shiudoshima Island,小豆島,しょうどしま,小豆郡小豆島町、小豆郡土庄町,153.27,,
香川県,okinoshima Island,沖之島,おきのしま,小豆郡土庄町,0.18,,
香川県,odeshima Island,小豊島,おでしま,小豆郡土庄町,1.1,,
香川県,teshima Island,豊島,てしま,小豆郡土庄町,14.5,,
香川県,naoshima Island,直島,なおしま,香川郡直島町,7.82,,
香川県,mukaejima Island,向島,むかえじま,香川郡直島町,0.74,,
香川県,biubushima Island,屏風島,びょうぶしま,香川郡直島町,0.12,,
香川県,ooshima Island,大島,おおしま,高松市,0.73,,
香川県,ogijima Island,男木島,おぎじま,高松市,1.34,,
香川県,megijima Island,女木島,めぎじま,高松市,2.62,,
香川県,hitsuishijima Island,櫃石島,ひついしじま,坂出市,0.93,,
香川県,iwakurojima Island,岩黒島,いわくろじま,坂出市,0.17,,
香川県,yoshima Island,与島,よしま,坂出市,1.13,,
香川県,koyoshima Island,小与島,こよしま,坂出市,0.26,,
香川県,ushijima Island,牛島,うしじま,丸亀市,0.84,,
香川県,honjima Island,本島,ほんじま,丸亀市,6.75,,
香川県,hiroshima Island,広島,ひろしま,丸亀市,11.72,,
香川県,teshima Island,手島,てしま,丸亀市,3.41,,
香川県,oteshima Island,小手島,おてしま,丸亀市,0.53,,
香川県,takamijima Island,高見島,たかみじま,仲多度郡多度津町,2.36,,
香川県,sanagishima Island,佐柳島,さなぎしま,仲多度郡多度津町,1.83,,
香川県,awashima Island,粟島,あわしま,三豊市,3.72,,
香川県,shishijima Island,志々島,ししじま,三豊市,0.74,,
香川県,ibukijima Island,伊吹島,いぶきじま,観音寺市,1.01,,
愛媛県,uoshima Island,魚島,うおしま,越智郡上島町,1.36,,
愛媛県,takaikamishima Island,高井神島,たかいかみしま,越智郡上島町,1.34,,
愛媛県,yugejima Island,弓削島,ゆげじま,越智郡上島町,8.68,,
愛媛県,sashima Island,佐島,さしま,越智郡上島町,2.68,,
愛媛県,ikinajima Island,生名島,いきなじま,越智郡上島町,3.67,,
愛媛県,iwagijima Island,岩城島,いわぎじま,越智郡上島町,8.95,,
愛媛県,akahonejima Island,赤穂根島,あかほねじま,越智郡上島町,2.09,,
愛媛県,oomishima Island,大三島,おおみしま,今治市,64.57,,
愛媛県,hakatajima Island,伯方島,はかたじま,今治市,20.99,,
愛媛県,ushima Island,鵜島,うしま,今治市,0.76,,
愛媛県,ooshima Island,大島,おおしま,今治市,41.88,,
愛媛県,tsushima Island,津島,つしま,今治市,1.43,,
愛媛県,okamurajima Island,岡村島,おかむらじま,今治市,3.17,,
愛媛県,koogeshima Island,小大下島,こおげしま,今治市,0.9,,
愛媛県,oogeshima Island,大下島,おおげしま,今治市,1.81,,
愛媛県,kurushima Island,来島,くるしま,今治市,0.04,,
愛媛県,oshima Island,小島,おしま,今治市,0.5,,
愛媛県,umashima Island,馬島,うましま,今治市,0.5,,
愛媛県,hikijima Island,比岐島,ひきじま,今治市,0.3,,
愛媛県,ooshima Island,大島,おおしま,新居浜市,2.14,,
愛媛県,aijima Island,安居島,あいじま,松山市,0.26,,
愛媛県,gogoshima Island,興居島,ごごしま,松山市,8.4,,
愛媛県,tsurushima Island,釣島,つるしま,松山市,0.36,,
愛媛県,nogutsunajima Island,野忽那島,のぐつなじま,松山市,0.92,,
愛媛県,muzukijima Island,睦月島,むづきじま,松山市,3.81,,
愛媛県,nakajima Island,中島,なかじま,松山市,21.27,,
愛媛県,nuwajima Island,怒和島,ぬわじま,松山市,4.75,,
愛媛県,tsuwajishima Island,津和地島,つわじしま,松山市,2.85,,
愛媛県,futagamijima Island,二神島,ふたがみじま,松山市,2.13,,
愛媛県,aoshima Island,青島,あおしま,大洲市,0.49,,
愛媛県,ooshima Island,大島,おおしま,八幡浜市,0.75,,
愛媛県,kushima Island,九島,くしま,宇和島市,3.37,,
愛媛県,kashima Island,嘉島,かしま,宇和島市,0.3,,
愛媛県,tojima Island,戸島,とじま,宇和島市,2.76,,
愛媛県,hiburishima Island,日振島,ひぶりしま,宇和島市,3.74,,
愛媛県,takegashima Island,竹ケ島,たけがしま,宇和島市,0.51,,
高知県,nakanoshima Island,中ノ島,なかのしま,須崎市,0.23,,
高知県,heshima Island,戸島,へしま,須崎市,0.11,,
高知県,kashiwajima Island,柏島,かしわじま,幡多郡大月町,0.57,,
高知県,ooshima Island,大島,おおしま,宿毛市,1.01,,
高知県,ugurushima Island,鵜来島,うぐるしま,宿毛市,1.31,,
高知県,okinoshima Island,沖の島,おきのしま,宿毛市,10.02,,
福岡県,umashima Island,馬島,うましま,北九州市小倉北区,0.26,,
福岡県,ainoshima Island,藍島,あいのしま,北九州市小倉北区,0.68,,
福岡県,jinoshima Island,地島,じのしま,宗像市,1.63,,
福岡県,ooshima Island,大島,おおしま,宗像市,7.19,,
福岡県,ainoshima Island,相島,あいのしま,糟屋郡新宮町,1.22,,
福岡県,shikanoshima Island,志賀島,しかのしま,福岡市東区,5.79,,
福岡県,nokonoshima Island,能古島,のこのしま,福岡市西区,3.92,,
福岡県,genkaijima Island,玄界島,げんかいじま,福岡市西区,1.16,,
福岡県,oronoshima Island,小呂島,おろのしま,福岡市西区,0.43,,
福岡県,himeshima Island,姫島,ひめしま,糸島市,0.75,,
佐賀県,takashima Island,高島,たかしま,唐津市,0.62,,
佐賀県,kashiwajima Island,神集島,かしわじま,唐津市,1.39,,
佐賀県,kabeshima Island,加部島,かべしま,唐津市,2.71,,
佐賀県,ogawashima Island,小川島,おがわしま,唐津市,0.92,,
佐賀県,kakarashima Island,加唐島,かからしま,唐津市,2.83,,
佐賀県,matsushima Island,松島,まつしま,唐津市,0.63,,
佐賀県,madarashima Island,馬渡島,まだらしま,唐津市,4.24,,
佐賀県,mukushima Island,向島,むくしま,唐津市,0.3,,
長崎県,tsushima Island,対馬,つしま,対馬市,695.74,,
長崎県,unijima Island,海栗島,うにじま,対馬市,0.09,,
長崎県,akashima Island,赤島,あかしま,対馬市,0.48,,
長崎県,tomarishima Island,泊島,とまりしま,対馬市,0.1,,
長崎県,okinoshima Island,沖ノ島,おきのしま,対馬市,2.62,,
長崎県,shimayamajima Island,島山島,しまやまじま,対馬市,4.7,,
長崎県,ikishima Island,壱岐島,いきしま,壱岐市,134.63,,
長崎県,ooshima Island,大島,おおしま,壱岐市,1.17,,
長崎県,nagashima Island,長島,ながしま,壱岐市,0.51,,
長崎県,harushima Island,原島,はるしま,壱岐市,0.53,,
長崎県,wakamiyajima Island,若宮島,わかみやじま,壱岐市,0.56,,
長崎県,fukushima Island,福島,ふくしま,松浦市,16.94,,
長崎県,takashima Island,鷹島,たかしま,松浦市,16.18,,
長崎県,kuroshima Island,黒島,くろしま,松浦市,0.82,,
長崎県,tobishima Island,飛島,とびしま,松浦市,0.5,,
長崎県,aoshima Island,青島,あおしま,松浦市,0.9,,
長崎県,azuchiooshima Island,的山大島,あづちおおしま,平戸市,15.16,,
長崎県,takushima Island,度島,たくしま,平戸市,3.57,,
長崎県,hiradoshima Island,平戸島,ひらどしま,平戸市,163.44,,
長崎県,takashima Island,高島,たかしま,平戸市,0.25,,
長崎県,ikitsukijima Island,生月島,いきつきじま,平戸市,16.55,,
長崎県,maejima Island,前島,まえじま,佐世保市,0.31,,
長崎県,toudomarijima Island,鼕泊島,とうどまりじま,佐世保市,0.1,,
長崎県,kuroshima Island,黒島,くろしま,佐世保市,4.66,,
長崎県,takashima Island,高島,たかしま,佐世保市,2.67,,
長崎県,hariojima Island,針尾島,はりおじま,佐世保市,33.16,,
長崎県,ooshima Island,大島,おおしま,佐世保市,0.4,,
長崎県,takenoshima Island,竹ノ島,たけのしま,西海市,0.08,,
長崎県,usejima Island,鵜瀬島,うせじま,長崎市,0.25,,
長崎県,maejima Island,前島,まえじま,西彼杵郡時津町,0.26,,
長崎県,kashima Island,鹿島,かしま,諫早市,0.16,,
長崎県,ooshima Island,大島,おおしま,西海市,12.09,,
長崎県,terashima Island,寺島,てらしま,西海市,0.78,,
長崎県,kakinourashima Island,蠣浦島,かきのうらしま,西海市,4.75,,
長崎県,sakitojima Island,崎戸島,さきとじま,西海市,0.41,,
長崎県,enoshima Island,江島,えのしま,西海市,2.58,,
長崎県,hirashima Island,平島,ひらしま,西海市,5.47,,
長崎県,nagushijima Island,南串島,なぐしじま,西海市,0.69,,
長崎県,matsushima Island,松島,まつしま,西海市,6.37,,
長崎県,ikeshima Island,池島,いけしま,長崎市,1.08,,
長崎県,ioujima Island,伊王島,いおうじま,長崎市,1.21,,
長崎県,okinoshima Island,沖之島,おきのしま,長崎市,0.95,,
長崎県,takashima Island,高島,たかしま,長崎市,1.19,,
長崎県,kabashima Island,樺島,かばしま,長崎市,2.32,,
長崎県,makishima Island,牧島,まきしま,長崎市,1.62,,
長崎県,ukujima Island,宇久島,うくじま,佐世保市,24.9,,
長崎県,terashima Island,寺島,てらしま,佐世保市,1.3,,
長崎県,mushima Island,六島,むしま,北松浦郡小値賀町,0.69,,
長崎県,nozakijima Island,野崎島,のざきじま,北松浦郡小値賀町,7.11,,
長崎県,noushima Island,納島,のうしま,北松浦郡小値賀町,0.65,,
長崎県,ojikajima Island,小値賀島,おぢかじま,北松浦郡小値賀町,12.26,,
長崎県,madarashima Island,斑島,まだらしま,北松浦郡小値賀町,1.58,,
長崎県,kuroshima Island,黒島,くろしま,北松浦郡小値賀町,0.24,,
長崎県,ooshima Island,大島,おおしま,北松浦郡小値賀町,0.71,,
長崎県,nakadoorijima Island,中通島,なかどおりじま,南松浦郡新上五島町,168.39,,
長崎県,kashiragashima Island,頭ケ島,かしらがしま,南松浦郡新上五島町,1.86,,
長崎県,kirinokojima Island,桐ノ小島,きりのこじま,南松浦郡新上五島町,0.04,,
長崎県,wakamatsujima Island,若松島,わかまつじま,南松浦郡新上五島町,31.14,,
長崎県,riuzegaurashima Island,漁生浦島,りょうぜがうらしま,南松浦郡新上五島町,0.65,,
長崎県,arifukujima Island,有福島,ありふくじま,南松浦郡新上五島町,2.97,,
長崎県,hinoshima Island,日島,ひのしま,南松浦郡新上五島町,1.37,,
長崎県,narushima Island,奈留島,なるしま,五島市,23.68,,
長崎県,maeshima Island,前島,まえしま,五島市,0.47,,
長崎県,hisakajima Island,久賀島,ひさかじま,五島市,37.24,,
長崎県,warabikojima Island,蕨小島,わらびこじま,五島市,0.03,,
長崎県,kabashima Island,椛島,かばしま,五島市,8.69,,
長崎県,fukuejima Island,福江島,ふくえじま,五島市,326.36,,
長崎県,akashima Island,赤島,あかしま,五島市,0.51,,
長崎県,oushima Island,黄島,おうしま,五島市,1.39,,
長崎県,kuroshima Island,黒島,くろしま,五島市,1.12,,
長崎県,shimayamajima Island,島山島,しまやまじま,五島市,5.5,,
長崎県,saganoshima Island,嵯峨島,さがのしま,五島市,3.16,,
熊本県,tobasejima Island,戸馳島,とばせじま,宇城市,6.95,,
熊本県,ooyanojima Island,大矢野島,おおやのじま,上天草市,30.12,,
熊本県,iwajima Island,維和島,いわじま,上天草市,6.52,,
熊本県,yagiujima Island,野牛島,やぎゅうじま,上天草市,0.12,,
熊本県,yushima Island,湯島,ゆしま,上天草市,0.52,,
熊本県,nogamajima Island,野釜島,のがまじま,上天草市,0.32,,
熊本県,nagaurajima Island,永浦島,ながうらじま,上天草市,0.79,,
熊本県,hiaijima Island,樋合島,ひあいじま,上天草市,0.79,,
熊本県,maejima Island,前島,まえじま,上天草市,0.43,,
熊本県,nakajima Island,中島,なかじま,上天草市,0.21,,
熊本県,amakusakamishima Island,天草上島,あまくさかみしま,上天草市、天草市,225.85,,
熊本県,hinoshima Island,樋島,ひのしま,上天草市,3.42,,
熊本県,goshiurajima Island,御所浦島,ごしょうらじま,天草市,12.54,,
熊本県,makishima Island,牧島,まきしま,天草市,5.59,,
熊本県,yokourajima Island,横浦島,よこうらじま,天草市,1.14,,
熊本県,amakusashimoshima Island,天草下島,あまくさしもしま,天草市、天草郡苓北町,574.95,,
熊本県,tsuujishima Island,通詞島,つうじしま,天草市,0.6,,
熊本県,yokoshima Island,横島,よこしま,天草市,0.83,,
熊本県,gesushima Island,下須島,げすしま,天草市,4.5,,
大分県,himeshima Island,姫島,ひめしま,姫島村,6.98,,
大分県,ooniushima Island,大入島,おおにゅうしま,佐伯市,5.64,,
大分県,ooshima Island,大島,おおしま,佐伯市,1.61,,
大分県,yakatajima Island,屋形島,やかたじま,佐伯市,1.07,,
大分県,kuroshima Island,黒島,くろしま,臼杵市,0.2,,
大分県,hotojima Island,保戸島,ほとじま,津久見市,0.86,,
大分県,jimukushima Island,地無垢島,じむくしま,津久見市,0.29,,
大分県,fukashima Island,深島,ふかしま,佐伯市,1.1,,
宮崎県,shimauratou Island,島浦島,しまうらとう,延岡市,2.85,,
宮崎県,ooshima Island,大島,おおしま,日南市,2.03,,
宮崎県,tsukishima Island,築島,つきしま,串間市,0.24,,
宮崎県,aoshima Island,青島,あおしま,宮崎市,0.04,,
鹿児島県,amamiooshima Island,奄美大島,あまみおおしま,奄美市・大島郡大和村・大島郡宇検村・大島郡龍郷町・大島郡瀬戸内,712.41,,
鹿児島県,yakushima Island,屋久島,やくしま,屋久島町,504.25,,
鹿児島県,tanegashima Island,種子島,たねがしま,西之表市、熊毛郡中種子町、熊毛郡南種子町,443.78,,
鹿児島県,tokunoshima Island,徳之島,とくのしま,大島郡徳之島町、大島郡伊仙町、大島郡天城町,247.85,,
鹿児島県,okinoerabujima Island,沖永良部島,おきのえらぶじま,大島郡和泊町、大島郡知名町,93.65,,
鹿児島県,nagashima Island,長島,ながしま,長島町,90.67,,
鹿児島県,kakeromajima Island,加計呂麻島,かけろまじま,瀬戸内町,77.25,,
鹿児島県,shimokoshikishima Island,下甑島,しもこしきしま,薩摩川内市,65.56,,
鹿児島県,kikaishima Island,喜界島,きかいしま,喜界町,56.76,,
鹿児島県,kamikoshikishima Island,上甑島,かみこしきしま,薩摩川内市,44.2,,
鹿児島県,kuchinoerabujima Island,口永良部島,くちのえらぶじま,屋久島町,35.81,,
鹿児島県,nakanoshima Island,中之島,なかのしま,十島村,34.42,,
鹿児島県,suwanosejima Island,諏訪之瀬島,すわのせじま,十島村,27.61,,
鹿児島県,yoronjima Island,与論島,よろんじま,与論町,20.56,,
鹿児島県,shishijima Island,獅子島,ししじま,長島町,17.06,,
鹿児島県,kuroshima Island,黒島,くろしま,三島村,15.39,,
鹿児島県,ukejima Island,請島,うけじま,瀬戸内町,13.34,,
鹿児島県,kuchinoshima Island,口之島,くちのしま,十島村,13.33,,
鹿児島県,ioujima Island,硫黄島,いおうじま,三島村,11.62,,
鹿児島県,yorojima Island,与路島,よろじま,瀬戸内町,9.35,,
鹿児島県,mageshima Island,馬毛島,まげしま,西之表市,8.17,,
鹿児島県,akusekijima Island,悪石島,あくせきじま,十島村,7.49,,
鹿児島県,nakakoshikishima Island,中甑島,なかこしきしま,薩摩川内市,7.28,,
鹿児島県,takarajima Island,宝島,たからじま,十島村,7.07,,
鹿児島県,takeshima Island,竹島,たけしま,三島村,4.22,,
鹿児島県,shiurajima Island,諸浦島,しょうらじま,長島町,3.87,,
鹿児島県,ikarajima Island,伊唐島,いからじま,長島町,3.71,,
鹿児島県,tairajima Island,平島,たいらじま,十島村,2.08,,
鹿児島県,katsurajima Island,桂島,かつらじま,出水市,0.33,,
鹿児島県,shinjima Island,新島,しんじま,鹿児島市,0.13,,
鹿児島県,kodakarajima Island,小宝島,こだからじま,十島村,1,,
沖縄県,iriomotejima Island,西表島,いりおもてじま,竹富町,289.62,,
沖縄県,ishigakijima Island,石垣島,いしがきじま,石垣市,222.24,,
沖縄県,miyakojima Island,宮古島,みやこじま,宮古島市,158.54,,
沖縄県,kumejima Island,久米島,くめじま,久米島町,59.53,,
沖縄県,minamidaitoujima Island,南大東島,みなみだいとうじま,南大東村,30.52,,
沖縄県,irabujima Island,伊良部島,いらぶじま,宮古島市,29.07,,
沖縄県,yonagunijima Island,与那国島,よなぐにじま,与那国町,28.82,,
沖縄県,ieshima Island,伊江島,いえしま,伊江村,22.76,,
沖縄県,iheyajima Island,伊平屋島,いへやじま,伊平屋村,20.66,,
沖縄県,taramashima Island,多良間島,たらましま,多良間村,19.81,,
沖縄県,tokashikijima Island,渡嘉敷島,とかしきじま,渡嘉敷村,15.31,,
沖縄県,izenajima Island,伊是名島,いぜなじま,伊是名村,14.13,,
沖縄県,haterumajima Island,波照間島,はてるまじま,竹富町,12.73,,
沖縄県,kitadaitoujima Island,北大東島,きただいとうじま,北大東村,11.91,,
沖縄県,kuroshima Island,黒島,くろしま,竹富町,10.02,,
沖縄県,yagajishima Island,屋我地島,やがじしま,名護市,7.82,,
沖縄県,agunijima Island,粟国島,あぐにじま,粟国村,7.62,,
沖縄県,zamamijima Island,座間味島,ざまみじま,座間味村,6.7,,
沖縄県,miyagijima Island,宮城島,みやぎじま,うるま市,5.54,,
沖縄県,henzajima Island,平安座島,へんざじま,うるま市,5.44,,
沖縄県,taketomijima Island,竹富島,たけとみじま,竹富町,5.43,,
沖縄県,tonakijima Island,渡名喜島,となきじま,渡名喜村,3.58,,
沖縄県,kourijima Island,古宇利島,こうりじま,今帰仁村,3.17,,
沖縄県,sesokojima Island,瀬底島,せそこじま,本部町,2.99,,
沖縄県,ikemajima Island,池間島,いけまじま,宮古島市,2.8,,
沖縄県,minnashima Island,水納島,みんなしま,多良間村,2.16,,
沖縄県,hamahigashima Island,浜比嘉島,はまひがしま,うるま市,2.09,,
沖縄県,tsukenjima Island,津堅島,つけんじま,うるま市,1.88,,
沖縄県,aragusukujimakamiji Island,新城島（上地）,あらぐすくじま（かみぢ）,竹富町,1.76,,
沖縄県,ikeijima Island,伊計島,いけいじま,うるま市,1.72,,
沖縄県,maeshima Island,前島,まえしま,渡嘉敷村,1.59,,
沖縄県,kudakajima Island,久高島,くだかじま,南城市,1.36,,
沖縄県,sotobanarijima Island,外離島,そとばなりじま,竹富町,1.32,,
沖縄県,gerumajima Island,慶留間島,げるまじま,座間味村,1.15,,
沖縄県,okidaitoujima Island,沖大東島,おきだいとうじま,北大東村,1.15,,
沖縄県,nohojima Island,野甫島,のほじま,伊平屋村,1.08,,
沖縄県,miyagijima Island,宮城島,みやぎじま,大宜味村,0.24,,
沖縄県,oujima Island,奥武島,おうじま,南城市,0.23,,
沖縄県,senagajima Island,瀬長島,せながじま,豊見城市,0.18,,
沖縄県,akashima Island,阿嘉島,あかしま,座間味村,3.8,,
沖縄県,oujima Island,奥武島,おうじま,久米島町,0.63,,
沖縄県,ohajima Island,オーハ島,おーはじま,久米島町,0.37,,
沖縄県,oogamijima Island,大神島,おおがみじま,宮古島市,0.24,,
沖縄県,kurimajima Island,来間島,くりまじま,宮古島市,2.84,,
沖縄県,shimojishima Island,下地島,しもじしま,宮古島市,9.68,,
沖縄県,minnashima Island,水納島,みんなしま,多良間村,2.16,,
沖縄県,kohamajima Island,小浜島,こはまじま,竹富町,7.86,,
沖縄県,kayamajima Island,嘉弥真島,かやまじま,竹富町,0.39,,
沖縄県,aragusukujimashimoji Island,新城島（下地）,あらぐすくじま（しもじ）,竹富町,1.57,,
沖縄県,yubujima Island,由布島,ゆぶじま,竹富町,0.15,,
沖縄県,hatomajima Island,鳩間島,はとまじま,竹富町,0.96,,
